Unnamed: 0,origin,destination,depart_time,depart_weekday,duration,arrival_time,arrival_weekday,flight_no,airline_code,airline,economy_fare,business_fare,first_fare
64,DEL,MAA,20:40:00,2,02:55:00,23:35:00,2,AI540,AI,Air India,10646,,30622.0
65,DEL,MAA,09:45:00,0,02:55:00,12:40:00,0,AI429,AI,Air India,10646,,30622.0
66,DEL,MAA,20:40:00,6,02:55:00,23:35:00,6,AI540,AI,Air India,10646,,
67,DEL,MAA,20:40:00,4,02:55:00,23:35:00,4,AI540,AI,Air India,10646,,
68,DEL,MAA,20:40:00,5,02:55:00,23:35:00,5,AI540,AI,Air India,10646,,
69,DEL,MAA,20:40:00,0,02:55:00,23:35:00,0,AI540,AI,Air India,10646,,30622.0
70,DEL,MAA,20:40:00,1,02:55:00,23:35:00,1,AI540,AI,Air India,10646,,30622.0
71,DEL,MAA,09:45:00,3,02:55:00,12:40:00,3,AI429,AI,Air India,10646,,
72,DEL,MAA,09:45:00,1,02:55:00,12:40:00,1,AI429,AI,Air India,10646,,
73,DEL,MAA,09:45:00,2,02:55:00,12:40:00,2,AI429,AI,Air India,10646,,
74,DEL,COK,04:55:00,0,03:20:00,08:15:00,0,AI833,AI,Air India,11740,,33138.0
80,DEL,COK,04:55:00,2,03:20:00,08:15:00,2,AI833,AI,Air India,11951,,33138.0
81,DEL,COK,04:55:00,6,03:20:00,08:15:00,6,AI833,AI,Air India,11951,,33138.0
82,DEL,COK,04:55:00,1,03:20:00,08:15:00,1,AI833,AI,Air India,11951,,33138.0
83,DEL,COK,04:55:00,5,03:20:00,08:15:00,5,AI833,AI,Air India,11951,,33138.0
84,DEL,COK,04:55:00,4,03:20:00,08:15:00,4,AI833,AI,Air India,11951,,33138.0
85,DEL,COK,04:55:00,3,03:20:00,08:15:00,3,AI833,AI,Air India,11951,,33138.0
105,DEL,HYD,07:10:00,1,02:15:00,09:25:00,1,AI560,AI,Air India,9023,,
110,DEL,HYD,07:10:00,5,02:15:00,09:25:00,5,AI560,AI,Air India,9781,,
111,DEL,HYD,07:10:00,6,02:15:00,09:25:00,6,AI560,AI,Air India,9781,,
118,DEL,HYD,09:45:00,1,02:05:00,11:50:00,1,AI542,AI,Air India,9868,,
119,DEL,HYD,09:45:00,4,02:05:00,11:50:00,4,AI542,AI,Air India,9868,,
120,DEL,HYD,21:30:00,2,02:15:00,23:45:00,2,AI839,AI,Air India,9868,,26427.0
121,DEL,HYD,07:10:00,2,02:15:00,09:25:00,2,AI560,AI,Air India,9868,,26427.0
122,DEL,HYD,07:10:00,4,02:15:00,09:25:00,4,AI560,AI,Air India,9868,,26427.0
131,DEL,TRV,15:00:00,3,03:15:00,18:15:00,3,AI801,AI,Air India,13731,,64344.0
132,DEL,TRV,15:00:00,5,03:15:00,18:15:00,5,AI801,AI,Air India,13731,,33738.0
133,DEL,TRV,15:00:00,4,03:15:00,18:15:00,4,AI801,AI,Air India,13731,,47626.0
134,DEL,TRV,15:00:00,2,03:15:00,18:15:00,2,AI801,AI,Air India,13731,,33138.0
135,DEL,TRV,15:00:00,1,03:15:00,18:15:00,1,AI801,AI,Air India,13731,,33138.0
136,DEL,TRV,15:00:00,0,03:15:00,18:15:00,0,AI801,AI,Air India,13928,,33138.0
144,DEL,TRV,15:00:00,6,03:15:00,18:15:00,6,AI801,AI,Air India,15036,,33738.0
153,DEL,CCU,20:15:00,0,02:10:00,22:25:00,0,AI762,AI,Air India,8709,,30742.0
181,DEL,AMD,19:00:00,5,01:35:00,20:35:00,5,AI531,AI,Air India,7825,,22593.0
193,DEL,AMD,19:00:00,2,01:35:00,20:35:00,2,AI531,AI,Air India,7894,,21993.0
194,DEL,AMD,19:00:00,4,01:35:00,20:35:00,4,AI531,AI,Air India,7894,,22905.0
196,DEL,CCJ,05:45:00,0,03:05:00,08:50:00,0,AI425,AI,Air India,10473,,27558.0
197,DEL,CCJ,05:45:00,2,03:05:00,08:50:00,2,AI425,AI,Air India,10473,,27558.0
198,DEL,CCJ,05:45:00,4,04:25:00,10:10:00,4,AI425,AI,Air India,10473,,
199,DEL,CCJ,05:45:00,1,04:25:00,10:10:00,1,AI425,AI,Air India,10473,,
200,DEL,CCJ,05:45:00,5,03:05:00,08:50:00,5,AI425,AI,Air India,11197,,27558.0
201,DEL,CCJ,05:45:00,6,04:25:00,10:10:00,6,AI425,AI,Air India,11197,,
202,DEL,CCJ,05:45:00,3,04:25:00,10:10:00,3,AI425,AI,Air India,11366,,
242,DEL,GOI,22:00:00,0,02:40:00,00:40:00,1,AI883,AI,Air India,9989,,33199.0
249,DEL,GOI,22:00:00,5,02:40:00,00:40:00,6,AI883,AI,Air India,10738,,33199.0
250,DEL,GOI,10:45:00,5,02:50:00,13:35:00,5,AI885,AI,Air India,10738,,
252,DEL,GOI,22:00:00,1,02:40:00,00:40:00,2,AI883,AI,Air India,10835,,33199.0
253,DEL,GOI,22:00:00,4,02:40:00,00:40:00,5,AI883,AI,Air India,10835,,33199.0
254,DEL,GOI,22:00:00,3,02:40:00,00:40:00,4,AI883,AI,Air India,10835,,33200.0
255,DEL,GOI,22:00:00,2,02:40:00,00:40:00,3,AI883,AI,Air India,10835,,33199.0
263,DEL,LKO,18:30:00,6,01:05:00,19:35:00,6,AI811,AI,Air India,6730,,15343.0
264,DEL,LKO,07:05:00,6,01:05:00,08:10:00,6,AI411,AI,Air India,6730,,15343.0
265,DEL,LKO,18:30:00,4,01:05:00,19:35:00,4,AI811,AI,Air India,6730,,22488.0
266,DEL,LKO,18:30:00,3,01:05:00,19:35:00,3,AI811,AI,Air India,6730,,14743.0
267,DEL,LKO,12:20:00,3,01:05:00,13:25:00,3,AI431,AI,Air India,6730,,14743.0
268,DEL,LKO,12:20:00,6,01:05:00,13:25:00,6,AI431,AI,Air India,6730,,15343.0
269,DEL,LKO,18:30:00,5,01:05:00,19:35:00,5,AI811,AI,Air India,6730,,15343.0
270,DEL,LKO,07:05:00,2,01:05:00,08:10:00,2,AI411,AI,Air India,6730,,14743.0
271,DEL,LKO,12:20:00,2,01:05:00,13:25:00,2,AI431,AI,Air India,6730,,14743.0
272,DEL,LKO,12:20:00,4,01:05:00,13:25:00,4,AI431,AI,Air India,6730,,14743.0
273,DEL,LKO,18:30:00,0,01:05:00,19:35:00,0,AI811,AI,Air India,6730,,14743.0
274,DEL,LKO,07:05:00,4,01:05:00,08:10:00,4,AI411,AI,Air India,6730,,14743.0
275,DEL,LKO,12:20:00,0,01:05:00,13:25:00,0,AI431,AI,Air India,6730,,28422.0
276,DEL,LKO,12:20:00,1,01:05:00,13:25:00,1,AI431,AI,Air India,6730,,14743.0
277,DEL,LKO,12:20:00,5,01:05:00,13:25:00,5,AI431,AI,Air India,6730,,15343.0
278,DEL,LKO,18:30:00,2,01:05:00,19:35:00,2,AI811,AI,Air India,6730,,14743.0
279,DEL,LKO,07:05:00,0,01:05:00,08:10:00,0,AI411,AI,Air India,7087,,15344.0
280,DEL,LKO,18:30:00,1,01:05:00,19:35:00,1,AI811,AI,Air India,7087,,
286,DEL,CJB,09:45:00,2,04:40:00,14:25:00,2,AI429,AI,Air India,13488,,
287,DEL,CJB,09:45:00,1,04:40:00,14:25:00,1,AI429,AI,Air India,13488,,
288,DEL,CJB,09:45:00,0,04:40:00,14:25:00,0,AI429,AI,Air India,13488,,
289,DEL,CJB,09:45:00,3,04:40:00,14:25:00,3,AI429,AI,Air India,13488,,
305,DEL,CJB,09:45:00,4,04:40:00,14:25:00,4,AI429,AI,Air India,14770,,
353,DEL,IXB,11:20:00,5,01:55:00,13:15:00,5,AI879,AI,Air India,9256,,21127.0
354,DEL,IXB,11:20:00,6,01:55:00,13:15:00,6,AI879,AI,Air India,9256,,42794.0
355,DEL,IXB,11:20:00,2,01:55:00,13:15:00,2,AI879,AI,Air India,9256,,20785.0
376,DEL,GAU,09:30:00,5,02:35:00,12:05:00,5,AI889,AI,Air India,10159,,29665.0
377,DEL,GAU,09:30:00,2,02:35:00,12:05:00,2,AI889,AI,Air India,10159,,29130.0
378,DEL,GAU,09:30:00,3,02:35:00,12:05:00,3,AI889,AI,Air India,10159,,29130.0
379,DEL,GAU,09:30:00,6,02:35:00,12:05:00,6,AI889,AI,Air India,10159,,29665.0
380,DEL,GAU,09:30:00,4,02:35:00,12:05:00,4,AI889,AI,Air India,10159,,29130.0
382,DEL,VTZ,05:30:00,5,02:15:00,07:45:00,5,AI485,AI,Air India,9441,,22207.0
383,DEL,VTZ,05:30:00,3,02:15:00,07:45:00,3,AI485,AI,Air India,9525,,22207.0
384,DEL,VTZ,15:00:00,1,02:20:00,17:20:00,1,AI451,AI,Air India,9525,,22207.0
419,DEL,ATQ,21:15:00,0,01:10:00,22:25:00,0,AI479,AI,Air India,6730,,17201.0
420,DEL,ATQ,21:15:00,5,01:10:00,22:25:00,5,AI479,AI,Air India,6730,,17200.0
421,DEL,ATQ,21:15:00,2,01:10:00,22:25:00,2,AI479,AI,Air India,6730,,17200.0
422,DEL,ATQ,21:15:00,3,01:10:00,22:25:00,3,AI479,AI,Air India,6730,,17537.0
423,DEL,ATQ,21:15:00,1,01:10:00,22:25:00,1,AI479,AI,Air India,6730,,17200.0
424,DEL,ATQ,21:15:00,6,01:10:00,22:25:00,6,AI479,AI,Air India,6730,,17200.0
425,DEL,ATQ,21:15:00,4,01:10:00,22:25:00,4,AI479,AI,Air India,6730,,17200.0
435,DEL,NAG,05:15:00,0,01:45:00,07:00:00,0,AI497,AI,Air India,8036,,20068.0
436,DEL,NAG,05:15:00,4,01:45:00,07:00:00,4,AI497,AI,Air India,8179,,20068.0
437,DEL,NAG,05:15:00,3,01:45:00,07:00:00,3,AI497,AI,Air India,8179,,20068.0
438,DEL,NAG,05:15:00,6,01:45:00,07:00:00,6,AI497,AI,Air India,8179,,20068.0
439,DEL,NAG,05:15:00,1,01:45:00,07:00:00,1,AI497,AI,Air India,8179,,20068.0
498,DEL,IXJ,10:50:00,5,01:30:00,12:20:00,5,AI821,AI,Air India,6610,,20495.0
499,DEL,IXJ,10:50:00,6,01:30:00,12:20:00,6,AI821,AI,Air India,6610,,20495.0
505,DEL,IXJ,10:50:00,4,01:30:00,12:20:00,4,AI821,AI,Air India,6960,,19896.0
506,DEL,IXJ,10:50:00,0,01:30:00,12:20:00,0,AI821,AI,Air India,6960,,19896.0
538,DEL,IXZ,05:30:00,3,04:50:00,10:20:00,3,AI485,AI,Air India,12671,,
539,DEL,IXZ,05:30:00,6,03:40:00,09:10:00,6,AI485,AI,Air India,13487,,35499.0
540,DEL,IXZ,05:30:00,4,03:40:00,09:10:00,4,AI485,AI,Air India,13487,,35499.0
541,DEL,IXZ,05:30:00,1,03:40:00,09:10:00,1,AI485,AI,Air India,13487,,35499.0
542,DEL,IXZ,05:30:00,5,04:50:00,10:20:00,5,AI485,AI,Air India,13487,,
543,DEL,IXZ,05:30:00,0,04:50:00,10:20:00,0,AI485,AI,Air India,35989,,
544,DEL,IDR,13:05:00,0,01:30:00,14:35:00,0,AI621,AI,Air India,7726,,16857.0
545,DEL,IDR,14:30:00,0,01:30:00,16:00:00,0,AI636,AI,Air India,7726,,16857.0
559,DEL,IDR,14:30:00,2,01:30:00,16:00:00,2,AI636,AI,Air India,8179,,16857.0
560,DEL,IDR,14:30:00,5,01:30:00,16:00:00,5,AI636,AI,Air India,8179,,17457.0
561,DEL,IDR,14:30:00,1,01:30:00,16:00:00,1,AI636,AI,Air India,8179,,17034.0
562,DEL,IDR,14:30:00,4,01:30:00,16:00:00,4,AI636,AI,Air India,8179,,24687.0
563,DEL,IDR,14:30:00,6,01:30:00,16:00:00,6,AI636,AI,Air India,8179,,17457.0
564,DEL,IDR,14:30:00,3,01:30:00,16:00:00,3,AI636,AI,Air India,8179,,16857.0
584,DEL,PAT,13:45:00,6,01:40:00,15:25:00,6,AI407,AI,Air India,7508,,23432.0
585,DEL,PAT,16:45:00,6,01:50:00,18:35:00,6,AI415,AI,Air India,7508,,23432.0
586,DEL,PAT,16:45:00,4,01:50:00,18:35:00,4,AI415,AI,Air India,7508,,23586.0
587,DEL,PAT,13:45:00,5,01:40:00,15:25:00,5,AI407,AI,Air India,7574,,23432.0
588,DEL,PAT,16:45:00,2,01:50:00,18:35:00,2,AI415,AI,Air India,7574,,22833.0
589,DEL,PAT,16:45:00,3,01:50:00,18:35:00,3,AI415,AI,Air India,7574,,22833.0
590,DEL,PAT,16:45:00,0,01:50:00,18:35:00,0,AI415,AI,Air India,7574,,22833.0
591,DEL,PAT,16:45:00,1,01:50:00,18:35:00,1,AI415,AI,Air India,7574,,22833.0
592,DEL,PAT,16:45:00,5,01:50:00,18:35:00,5,AI415,AI,Air India,7574,,23432.0
597,DEL,PAT,13:45:00,4,01:40:00,15:25:00,4,AI407,AI,Air India,8107,,23018.0
640,BOM,MAA,09:00:00,6,01:55:00,10:55:00,6,AI671,AI,Air India,9428,,26534.0
642,BOM,MAA,09:00:00,2,01:55:00,10:55:00,2,AI671,AI,Air India,9512,,
643,BOM,MAA,09:00:00,0,01:55:00,10:55:00,0,AI671,AI,Air India,9512,,26534.0
644,BOM,MAA,09:00:00,5,01:55:00,10:55:00,5,AI671,AI,Air India,9512,,
645,BOM,MAA,09:00:00,3,01:55:00,10:55:00,3,AI671,AI,Air India,9512,,25935.0
646,BOM,MAA,09:00:00,4,01:55:00,10:55:00,4,AI671,AI,Air India,9512,,25935.0
659,BOM,MAA,09:00:00,1,01:55:00,10:55:00,1,AI671,AI,Air India,26069,,26050.0
666,BOM,COK,05:30:00,6,02:00:00,07:30:00,6,AI691,AI,Air India,9428,,22270.0
667,BOM,COK,17:10:00,5,02:05:00,19:15:00,5,AI681,AI,Air India,9428,,49052.0
668,BOM,COK,17:10:00,6,02:05:00,19:15:00,6,AI681,AI,Air India,9428,,22870.0
669,BOM,COK,05:30:00,1,02:00:00,07:30:00,1,AI691,AI,Air India,9512,,22270.0
670,BOM,COK,05:30:00,2,02:00:00,07:30:00,2,AI691,AI,Air India,9512,,22270.0
671,BOM,COK,05:30:00,3,02:00:00,07:30:00,3,AI691,AI,Air India,9512,,22270.0
672,BOM,COK,17:10:00,3,02:05:00,19:15:00,3,AI681,AI,Air India,9512,,22270.0
673,BOM,COK,17:10:00,4,02:05:00,19:15:00,4,AI681,AI,Air India,9512,,22870.0
674,BOM,COK,17:10:00,0,02:05:00,19:15:00,0,AI681,AI,Air India,9512,,22340.0
675,BOM,COK,17:10:00,2,02:05:00,19:15:00,2,AI681,AI,Air India,9512,,22270.0
695,BOM,HYD,20:10:00,1,01:30:00,21:40:00,1,AI619,AI,Air India,6599,,19584.0
696,BOM,HYD,20:10:00,6,01:30:00,21:40:00,6,AI619,AI,Air India,6599,,
697,BOM,HYD,20:10:00,2,01:30:00,21:40:00,2,AI619,AI,Air India,6599,,19584.0
698,BOM,HYD,20:10:00,3,01:30:00,21:40:00,3,AI619,AI,Air India,6599,,19584.0
699,BOM,HYD,20:10:00,4,01:30:00,21:40:00,4,AI619,AI,Air India,6599,,
710,BOM,TRV,17:20:00,6,02:20:00,19:40:00,6,AI667,AI,Air India,9512,,
711,BOM,TRV,17:20:00,5,02:20:00,19:40:00,5,AI667,AI,Air India,9512,,
712,BOM,TRV,17:20:00,1,02:20:00,19:40:00,1,AI667,AI,Air India,9512,,
725,BOM,TRV,17:20:00,4,02:20:00,19:40:00,4,AI667,AI,Air India,11901,,
726,BOM,TRV,17:20:00,3,02:20:00,19:40:00,3,AI667,AI,Air India,11901,,
727,BOM,TRV,17:20:00,2,02:20:00,19:40:00,2,AI667,AI,Air India,11901,,
728,BOM,TRV,17:20:00,0,02:20:00,19:40:00,0,AI667,AI,Air India,15689,,
741,BOM,CCU,21:05:00,6,02:45:00,23:50:00,6,AI774,AI,Air India,10724,,34444.0
742,BOM,CCU,21:05:00,2,02:45:00,23:50:00,2,AI774,AI,Air India,10724,,34444.0
743,BOM,CCU,06:00:00,2,02:50:00,08:50:00,2,AI675,AI,Air India,10724,,
744,BOM,CCU,06:00:00,6,02:50:00,08:50:00,6,AI675,AI,Air India,10724,,
753,BOM,CCU,06:00:00,0,02:50:00,08:50:00,0,AI675,AI,Air India,10821,,
764,BOM,AMD,18:35:00,2,01:25:00,20:00:00,2,AI637,AI,Air India,6718,,13692.0
779,BOM,CCJ,06:40:00,3,02:15:00,08:55:00,3,AI581,AI,Air India,5870,,20068.0
780,BOM,CCJ,06:40:00,0,02:15:00,08:55:00,0,AI581,AI,Air India,5870,,20068.0
781,BOM,CCJ,06:40:00,1,02:15:00,08:55:00,1,AI581,AI,Air India,5921,,20068.0
782,BOM,CCJ,06:40:00,2,02:15:00,08:55:00,2,AI581,AI,Air India,5921,,20068.0
783,BOM,CCJ,06:40:00,5,02:15:00,08:55:00,5,AI581,AI,Air India,6837,,20068.0
784,BOM,CCJ,06:40:00,6,02:15:00,08:55:00,6,AI581,AI,Air India,6837,,20068.0
785,BOM,CCJ,06:40:00,4,02:15:00,08:55:00,4,AI581,AI,Air India,6878,,20068.0
795,BOM,JAI,11:20:00,0,02:05:00,13:25:00,0,AI611,AI,Air India,7297,,20068.0
821,BOM,GOI,21:00:00,0,01:20:00,22:20:00,0,AI683,AI,Air India,5432,,20423.0
825,BOM,GOI,13:25:00,1,01:10:00,14:35:00,1,AI663,AI,Air India,6599,,
826,BOM,GOI,13:25:00,5,01:10:00,14:35:00,5,AI663,AI,Air India,6599,,
827,BOM,GOI,13:25:00,6,01:10:00,14:35:00,6,AI663,AI,Air India,6599,,
828,BOM,GOI,13:25:00,0,01:10:00,14:35:00,0,AI663,AI,Air India,6599,,
829,BOM,GOI,13:25:00,2,01:10:00,14:35:00,2,AI663,AI,Air India,6599,,
830,BOM,GOI,05:05:00,5,01:15:00,06:20:00,5,AI685,AI,Air India,6599,,20423.0
831,BOM,GOI,05:05:00,3,01:15:00,06:20:00,3,AI685,AI,Air India,6599,,20423.0
832,BOM,GOI,05:05:00,6,01:15:00,06:20:00,6,AI685,AI,Air India,6599,,20423.0
833,BOM,GOI,05:05:00,2,01:15:00,06:20:00,2,AI685,AI,Air India,6599,,20423.0
834,BOM,GOI,05:05:00,1,01:15:00,06:20:00,1,AI685,AI,Air India,6599,,20423.0
835,BOM,GOI,21:00:00,1,01:20:00,22:20:00,1,AI683,AI,Air India,6599,,20423.0
836,BOM,GOI,21:00:00,5,01:20:00,22:20:00,5,AI683,AI,Air India,6599,,21022.0
837,BOM,GOI,05:05:00,0,01:15:00,06:20:00,0,AI685,AI,Air India,6837,,20423.0
840,BOM,LKO,11:15:00,0,02:05:00,13:20:00,0,AI625,AI,Air India,9325,,22207.0
841,BOM,LKO,11:15:00,3,02:05:00,13:20:00,3,AI625,AI,Air India,9512,,22208.0
842,BOM,LKO,11:15:00,5,02:05:00,13:20:00,5,AI625,AI,Air India,9512,,22807.0
843,BOM,LKO,11:15:00,1,02:05:00,13:20:00,1,AI625,AI,Air India,9512,,22207.0
844,BOM,LKO,11:15:00,2,02:05:00,13:20:00,2,AI625,AI,Air India,9512,,22378.0
845,BOM,LKO,11:15:00,6,02:05:00,13:20:00,6,AI625,AI,Air India,9512,,22807.0
846,BOM,LKO,11:15:00,4,02:05:00,13:20:00,4,AI625,AI,Air India,9512,,22207.0
911,BOM,VTZ,09:50:00,2,03:40:00,13:30:00,2,AI651,AI,Air India,9512,,
912,BOM,VTZ,09:50:00,6,03:40:00,13:30:00,6,AI651,AI,Air India,9512,,
913,BOM,VTZ,09:50:00,3,03:40:00,13:30:00,3,AI651,AI,Air India,9512,,
914,BOM,VTZ,09:50:00,1,03:40:00,13:30:00,1,AI651,AI,Air India,9512,,
915,BOM,VTZ,09:50:00,4,03:40:00,13:30:00,4,AI651,AI,Air India,9512,,
916,BOM,VTZ,09:50:00,5,03:40:00,13:30:00,5,AI651,AI,Air India,9512,,
924,BOM,VTZ,09:50:00,0,03:40:00,13:30:00,0,AI651,AI,Air India,22201,,22340.0
925,BOM,ATQ,05:55:00,5,02:40:00,08:35:00,5,AI649,AI,Air India,10632,,22208.0
926,BOM,ATQ,05:55:00,4,02:40:00,08:35:00,4,AI649,AI,Air India,10632,,22207.0
927,BOM,ATQ,05:55:00,2,02:40:00,08:35:00,2,AI649,AI,Air India,10632,,22207.0
928,BOM,ATQ,05:55:00,3,02:40:00,08:35:00,3,AI649,AI,Air India,10632,,22207.0
929,BOM,ATQ,05:55:00,1,02:40:00,08:35:00,1,AI649,AI,Air India,10632,,22207.0
930,BOM,ATQ,05:55:00,6,02:40:00,08:35:00,6,AI649,AI,Air India,10632,,22208.0
931,BOM,ATQ,05:55:00,0,02:40:00,08:35:00,0,AI649,AI,Air India,10632,,22340.0
945,BOM,IXM,09:00:00,3,04:00:00,13:00:00,3,AI671,AI,Air India,9512,,
946,BOM,IXM,09:00:00,5,04:00:00,13:00:00,5,AI671,AI,Air India,9512,,
947,BOM,IXM,09:00:00,6,04:00:00,13:00:00,6,AI671,AI,Air India,9512,,
948,BOM,IXM,09:00:00,4,04:00:00,13:00:00,4,AI671,AI,Air India,9512,,
949,BOM,IXM,09:00:00,2,04:00:00,13:00:00,2,AI671,AI,Air India,9512,,
956,BOM,IXM,09:00:00,0,04:00:00,13:00:00,0,AI671,AI,Air India,22823,,
957,BOM,IXM,09:00:00,1,04:00:00,13:00:00,1,AI671,AI,Air India,33390,,22076.0
962,BOM,NAG,05:35:00,0,01:45:00,07:20:00,0,AI627,AI,Air India,7560,,16857.0
963,BOM,NAG,18:50:00,1,01:40:00,20:30:00,1,AI629,AI,Air India,8093,,16857.0
964,BOM,NAG,18:50:00,6,01:40:00,20:30:00,6,AI629,AI,Air India,8093,,17457.0
965,BOM,NAG,05:35:00,1,01:45:00,07:20:00,1,AI627,AI,Air India,8093,,16857.0
966,BOM,NAG,05:35:00,6,01:45:00,07:20:00,6,AI627,AI,Air India,8093,,16857.0
967,BOM,NAG,18:50:00,5,01:40:00,20:30:00,5,AI629,AI,Air India,8165,,17457.0
968,BOM,NAG,18:50:00,4,01:40:00,20:30:00,4,AI629,AI,Air India,8165,,17457.0
969,BOM,NAG,18:50:00,0,01:40:00,20:30:00,0,AI629,AI,Air India,8165,,16857.0
970,BOM,NAG,18:50:00,2,01:40:00,20:30:00,2,AI629,AI,Air India,8165,,16857.0
971,BOM,NAG,18:50:00,3,01:40:00,20:30:00,3,AI629,AI,Air India,8165,,16857.0
972,BOM,NAG,05:35:00,3,01:45:00,07:20:00,3,AI627,AI,Air India,8165,,16857.0
973,BOM,NAG,05:35:00,4,01:45:00,07:20:00,4,AI627,AI,Air India,8165,,16857.0
974,BOM,NAG,05:35:00,5,01:45:00,07:20:00,5,AI627,AI,Air India,8165,,16857.0
975,BOM,NAG,05:35:00,2,01:45:00,07:20:00,2,AI627,AI,Air India,8165,,16857.0
1046,BOM,IXE,10:30:00,6,01:35:00,12:05:00,6,AI679,AI,Air India,7952,,17457.0
1047,BOM,IXE,10:30:00,5,01:35:00,12:05:00,5,AI679,AI,Air India,8023,,17457.0
1048,BOM,IXE,10:30:00,4,01:35:00,12:05:00,4,AI679,AI,Air India,8023,,16925.0
1052,BOM,IXE,10:30:00,0,01:35:00,12:05:00,0,AI679,AI,Air India,8386,,16857.0
1077,BOM,IDR,07:20:00,4,01:20:00,08:40:00,4,AI635,AI,Air India,6837,,16857.0
1078,BOM,IDR,07:20:00,1,01:20:00,08:40:00,1,AI635,AI,Air India,6837,,16925.0
1079,BOM,IDR,07:20:00,6,01:20:00,08:40:00,6,AI635,AI,Air India,6837,,17457.0
1080,BOM,IDR,07:20:00,2,01:20:00,08:40:00,2,AI635,AI,Air India,6837,,16857.0
1081,BOM,IDR,07:20:00,3,01:20:00,08:40:00,3,AI635,AI,Air India,6837,,16857.0
1082,BOM,IDR,07:20:00,0,01:20:00,08:40:00,0,AI635,AI,Air India,6837,,17457.0
1083,BOM,IDR,07:20:00,5,01:20:00,08:40:00,5,AI635,AI,Air India,6837,,17457.0
1099,BOM,PAT,06:00:00,1,02:45:00,08:45:00,1,AI673,AI,Air India,10632,,22207.0
1100,BOM,PAT,06:00:00,4,02:45:00,08:45:00,4,AI673,AI,Air India,10632,,22207.0
1101,BOM,PAT,06:00:00,5,02:45:00,08:45:00,5,AI673,AI,Air India,10632,,22207.0
1102,BOM,PAT,06:00:00,0,02:45:00,08:45:00,0,AI673,AI,Air India,10632,,22207.0
1103,BOM,PAT,06:00:00,3,02:45:00,08:45:00,3,AI673,AI,Air India,10632,,22207.0
1104,BOM,PAT,06:00:00,6,02:45:00,08:45:00,6,AI673,AI,Air India,10632,,22207.0
1105,BOM,PAT,06:00:00,2,02:45:00,08:45:00,2,AI673,AI,Air India,10632,,22207.0
1679,MAA,DEL,20:15:00,6,02:50:00,23:05:00,6,AI538,AI,Air India,10746,,
1680,MAA,DEL,20:15:00,1,02:50:00,23:05:00,1,AI538,AI,Air India,10746,,30716.0
1681,MAA,DEL,20:15:00,5,02:50:00,23:05:00,5,AI538,AI,Air India,10746,,
1682,MAA,DEL,20:15:00,4,02:50:00,23:05:00,4,AI538,AI,Air India,10746,,
1683,MAA,DEL,06:00:00,6,02:55:00,08:55:00,6,AI440,AI,Air India,10746,,
1684,MAA,DEL,16:55:00,6,02:55:00,19:50:00,6,AI539,AI,Air India,10746,,
1685,MAA,DEL,06:00:00,0,02:55:00,08:55:00,0,AI440,AI,Air India,10746,,30716.0
1686,MAA,DEL,16:55:00,2,02:55:00,19:50:00,2,AI539,AI,Air India,10746,,
1687,MAA,DEL,06:00:00,5,02:55:00,08:55:00,5,AI440,AI,Air India,10746,,30716.0
1698,MAA,BOM,15:25:00,0,01:45:00,17:10:00,0,AI672,AI,Air India,9970,,26042.0
1699,MAA,BOM,15:25:00,2,01:45:00,17:10:00,2,AI672,AI,Air India,9970,,26042.0
1700,MAA,BOM,15:25:00,3,01:45:00,17:10:00,3,AI672,AI,Air India,9970,,26042.0
1701,MAA,BOM,16:10:00,5,01:50:00,18:00:00,5,AI672,AI,Air India,9970,,
1702,MAA,BOM,16:10:00,1,01:50:00,18:00:00,1,AI672,AI,Air India,9970,,26042.0
1703,MAA,BOM,06:10:00,1,01:55:00,08:05:00,1,AI569,AI,Air India,9970,,26042.0
1704,MAA,BOM,06:10:00,0,01:55:00,08:05:00,0,AI569,AI,Air India,9970,,26042.0
1705,MAA,BOM,06:10:00,6,01:55:00,08:05:00,6,AI569,AI,Air India,9970,,26043.0
1706,MAA,BOM,06:10:00,3,01:55:00,08:05:00,3,AI569,AI,Air India,9970,,26042.0
1707,MAA,BOM,06:10:00,4,01:55:00,08:05:00,4,AI569,AI,Air India,9970,,26160.0
1708,MAA,BOM,06:10:00,5,01:55:00,08:05:00,5,AI569,AI,Air India,9970,,26042.0
1709,MAA,BOM,06:10:00,2,01:55:00,08:05:00,2,AI569,AI,Air India,9970,,26042.0
1808,MAA,CCU,08:10:00,6,02:30:00,10:40:00,6,AI786,AI,Air India,8610,,22978.0
1809,MAA,CCU,08:10:00,0,02:30:00,10:40:00,0,AI786,AI,Air India,8610,,22978.0
1810,MAA,CCU,08:10:00,4,02:30:00,10:40:00,4,AI786,AI,Air India,8610,,22378.0
1811,MAA,CCU,08:10:00,2,02:30:00,10:40:00,2,AI786,AI,Air India,8610,,22378.0
1812,MAA,CCU,08:10:00,5,02:30:00,10:40:00,5,AI786,AI,Air India,8610,,22978.0
1813,MAA,CCU,08:10:00,1,02:30:00,10:40:00,1,AI786,AI,Air India,8610,,22378.0
1814,MAA,CCU,08:10:00,3,02:30:00,10:40:00,3,AI786,AI,Air India,8610,,22378.0
1872,MAA,CJB,13:20:00,1,01:05:00,14:25:00,1,AI429,AI,Air India,6347,,13819.0
1873,MAA,CJB,13:20:00,6,01:05:00,14:25:00,6,AI429,AI,Air India,6347,,14418.0
1874,MAA,CJB,13:20:00,4,01:05:00,14:25:00,4,AI429,AI,Air India,6347,,13819.0
1875,MAA,CJB,13:20:00,0,01:05:00,14:25:00,0,AI429,AI,Air India,6347,,13819.0
1876,MAA,CJB,13:20:00,3,01:05:00,14:25:00,3,AI429,AI,Air India,6347,,13819.0
1877,MAA,CJB,13:20:00,2,01:05:00,14:25:00,2,AI429,AI,Air India,6347,,13819.0
1878,MAA,CJB,13:20:00,5,01:05:00,14:25:00,5,AI429,AI,Air India,6347,,14418.0
2000,MAA,IXM,11:35:00,6,01:25:00,13:00:00,6,AI671,AI,Air India,6347,,14418.0
2001,MAA,IXM,11:35:00,3,01:25:00,13:00:00,3,AI671,AI,Air India,6347,,20410.0
2002,MAA,IXM,11:35:00,5,01:25:00,13:00:00,5,AI671,AI,Air India,6347,,14418.0
2003,MAA,IXM,11:35:00,2,01:25:00,13:00:00,2,AI671,AI,Air India,6347,,20410.0
2004,MAA,IXM,11:35:00,1,01:25:00,13:00:00,1,AI671,AI,Air India,6423,,13819.0
2005,MAA,IXM,11:35:00,4,01:25:00,13:00:00,4,AI671,AI,Air India,6423,,13819.0
2040,MAA,IXZ,05:05:00,1,02:15:00,07:20:00,1,AI549,AI,Air India,8609,,22378.0
2041,MAA,IXZ,05:05:00,3,02:15:00,07:20:00,3,AI549,AI,Air India,8609,,22378.0
2043,MAA,IXZ,05:05:00,5,02:15:00,07:20:00,5,AI549,AI,Air India,8609,,22378.0
2069,COK,DEL,21:00:00,2,03:05:00,00:05:00,3,AI466,AI,Air India,12018,,33349.0
2070,COK,DEL,21:00:00,4,03:05:00,00:05:00,5,AI466,AI,Air India,12018,,33801.0
2071,COK,DEL,21:00:00,1,03:05:00,00:05:00,2,AI466,AI,Air India,12018,,33201.0
2072,COK,DEL,21:00:00,0,03:05:00,00:05:00,1,AI466,AI,Air India,12018,,33201.0
2073,COK,DEL,21:00:00,3,03:05:00,00:05:00,4,AI466,AI,Air India,12018,,33201.0
2074,COK,DEL,21:00:00,5,03:05:00,00:05:00,6,AI466,AI,Air India,12018,,33801.0
2075,COK,DEL,20:30:00,0,03:15:00,23:45:00,0,AI834,AI,Air India,12018,,33201.0
2076,COK,DEL,20:30:00,2,03:15:00,23:45:00,2,AI834,AI,Air India,12018,,33349.0
2077,COK,DEL,20:30:00,3,03:15:00,23:45:00,3,AI834,AI,Air India,12018,,33201.0
2078,COK,DEL,20:30:00,6,03:15:00,23:45:00,6,AI834,AI,Air India,12018,,33801.0
2079,COK,DEL,20:30:00,1,03:15:00,23:45:00,1,AI834,AI,Air India,12018,,33201.0
2080,COK,DEL,20:30:00,5,03:15:00,23:45:00,5,AI834,AI,Air India,12018,,33801.0
2081,COK,DEL,20:30:00,4,03:15:00,23:45:00,4,AI834,AI,Air India,12018,,33801.0
2089,COK,BOM,08:05:00,4,02:05:00,10:10:00,4,AI682,AI,Air India,9763,,22346.0
2090,COK,BOM,08:05:00,6,02:05:00,10:10:00,6,AI682,AI,Air India,9763,,22946.0
2091,COK,BOM,08:05:00,3,02:05:00,10:10:00,3,AI682,AI,Air India,9763,,22346.0
2092,COK,BOM,08:05:00,5,02:05:00,10:10:00,5,AI682,AI,Air India,9763,,22946.0
2093,COK,BOM,08:05:00,2,02:05:00,10:10:00,2,AI682,AI,Air India,9763,,22347.0
2094,COK,BOM,08:05:00,0,02:05:00,10:10:00,0,AI682,AI,Air India,9763,,22946.0
2095,COK,BOM,20:10:00,0,02:10:00,22:20:00,0,AI699,AI,Air India,9763,,22346.0
2096,COK,BOM,20:10:00,3,02:10:00,22:20:00,3,AI699,AI,Air India,9763,,22346.0
2097,COK,BOM,20:10:00,2,02:10:00,22:20:00,2,AI699,AI,Air India,9763,,22347.0
2098,COK,BOM,20:10:00,4,02:10:00,22:20:00,4,AI699,AI,Air India,9763,,22946.0
2214,HYD,DEL,06:40:00,0,02:15:00,08:55:00,0,AI559,AI,Air India,9498,,26869.0
2215,HYD,DEL,06:40:00,1,02:15:00,08:55:00,1,AI559,AI,Air India,9498,,26869.0
2231,HYD,DEL,06:40:00,2,02:15:00,08:55:00,2,AI559,AI,Air India,10344,,26870.0
2232,HYD,DEL,06:40:00,4,02:15:00,08:55:00,4,AI559,AI,Air India,10344,,26869.0
2233,HYD,DEL,06:40:00,5,02:15:00,08:55:00,5,AI559,AI,Air India,10344,,26869.0
2234,HYD,DEL,10:05:00,1,02:15:00,12:20:00,1,AI543,AI,Air India,10344,,26869.0
2235,HYD,DEL,10:05:00,0,02:15:00,12:20:00,0,AI543,AI,Air India,10344,,26869.0
2254,HYD,BOM,22:25:00,3,01:25:00,23:50:00,3,AI698,AI,Air India,7197,,20038.0
2255,HYD,BOM,22:25:00,1,01:25:00,23:50:00,1,AI698,AI,Air India,7197,,20038.0
2256,HYD,BOM,22:25:00,0,01:25:00,23:50:00,0,AI698,AI,Air India,7197,,20038.0
2257,HYD,BOM,22:25:00,5,01:25:00,23:50:00,5,AI698,AI,Air India,7492,,20038.0
2258,HYD,BOM,22:25:00,6,01:25:00,23:50:00,6,AI698,AI,Air India,7520,,20134.0
2259,HYD,BOM,22:25:00,2,01:25:00,23:50:00,2,AI698,AI,Air India,7553,,20038.0
2343,HYD,CCU,05:55:00,6,02:20:00,08:15:00,6,AI525,AI,Air India,9136,,22511.0
2344,HYD,CCU,05:55:00,1,02:20:00,08:15:00,1,AI525,AI,Air India,9136,,22459.0
2345,HYD,CCU,05:55:00,5,02:20:00,08:15:00,5,AI525,AI,Air India,9136,,22459.0
2346,HYD,CCU,05:55:00,2,02:20:00,08:15:00,2,AI525,AI,Air India,9136,,22459.0
2347,HYD,CCU,05:55:00,0,02:20:00,08:15:00,0,AI525,AI,Air India,9136,,22459.0
2348,HYD,CCU,05:55:00,4,02:20:00,08:15:00,4,AI525,AI,Air India,9136,,22459.0
2349,HYD,CCU,05:55:00,3,02:20:00,08:15:00,3,AI525,AI,Air India,9136,,22459.0
2645,TRV,DEL,18:55:00,2,03:15:00,22:10:00,2,AI802,AI,Air India,14233,,33613.0
2646,TRV,DEL,18:55:00,5,03:15:00,22:10:00,5,AI802,AI,Air India,14233,,48700.0
2647,TRV,DEL,18:55:00,1,03:15:00,22:10:00,1,AI802,AI,Air India,14233,,33613.0
2648,TRV,DEL,18:55:00,3,03:15:00,22:10:00,3,AI802,AI,Air India,14233,,33613.0
2649,TRV,DEL,18:55:00,0,03:15:00,22:10:00,0,AI802,AI,Air India,14233,,33613.0
2659,TRV,DEL,18:55:00,4,03:15:00,22:10:00,4,AI802,AI,Air India,14997,,48700.0
2660,TRV,DEL,18:55:00,6,03:15:00,22:10:00,6,AI802,AI,Air India,15538,,55981.0
2662,TRV,BOM,20:35:00,4,02:05:00,22:40:00,4,AI668,AI,Air India,10198,,
2663,TRV,BOM,20:35:00,3,02:05:00,22:40:00,3,AI668,AI,Air India,10198,,
2664,TRV,BOM,20:35:00,6,02:05:00,22:40:00,6,AI668,AI,Air India,10198,,
2665,TRV,BOM,20:35:00,5,02:05:00,22:40:00,5,AI668,AI,Air India,10198,,
2666,TRV,BOM,20:35:00,1,02:05:00,22:40:00,1,AI668,AI,Air India,10198,,
2667,TRV,BOM,20:35:00,0,02:05:00,22:40:00,0,AI668,AI,Air India,10198,,
2668,TRV,BOM,20:35:00,2,02:05:00,22:40:00,2,AI668,AI,Air India,10198,,
2782,CCU,BOM,09:25:00,6,02:55:00,12:20:00,6,AI676,AI,Air India,11270,,
2783,CCU,BOM,09:25:00,1,02:55:00,12:20:00,1,AI676,AI,Air India,11270,,
2784,CCU,BOM,09:25:00,4,02:55:00,12:20:00,4,AI676,AI,Air India,11270,,
2785,CCU,BOM,09:25:00,3,02:55:00,12:20:00,3,AI676,AI,Air India,11270,,
2809,CCU,MAA,17:00:00,4,02:15:00,19:15:00,4,AI785,AI,Air India,10138,,23474.0
2810,CCU,MAA,17:00:00,0,02:15:00,19:15:00,0,AI785,AI,Air India,10138,,22943.0
2811,CCU,MAA,17:00:00,3,02:15:00,19:15:00,3,AI785,AI,Air India,10138,,22875.0
2812,CCU,MAA,17:00:00,1,02:15:00,19:15:00,1,AI785,AI,Air India,10138,,22875.0
2813,CCU,MAA,17:00:00,2,02:15:00,19:15:00,2,AI785,AI,Air India,10138,,22875.0
2830,CCU,HYD,19:00:00,1,02:15:00,21:15:00,1,AI526,AI,Air India,10138,,22608.0
2831,CCU,HYD,19:00:00,3,02:15:00,21:15:00,3,AI526,AI,Air India,10138,,22655.0
2832,CCU,HYD,19:00:00,0,02:15:00,21:15:00,0,AI526,AI,Air India,10138,,22608.0
2880,CCU,JAI,21:40:00,0,02:15:00,23:55:00,0,AI749,AI,Air India,8991,,
2881,CCU,JAI,21:40:00,4,02:15:00,23:55:00,4,AI749,AI,Air India,10503,,
2882,CCU,JAI,21:40:00,2,02:15:00,23:55:00,2,AI749,AI,Air India,10503,,
2946,CCU,IXB,13:40:00,2,01:25:00,15:05:00,2,AI721,AI,Air India,6996,,
2949,CCU,IXB,13:40:00,4,01:25:00,15:05:00,4,AI721,AI,Air India,7054,,
2962,CCU,GAU,09:50:00,0,01:20:00,11:10:00,0,AI729,AI,Air India,6374,,
2963,CCU,GAU,12:00:00,3,01:20:00,13:20:00,3,AI729,AI,Air India,6929,,13864.0
2967,CCU,GAU,09:50:00,2,01:20:00,11:10:00,2,AI729,AI,Air India,6929,,
2968,CCU,GAU,12:00:00,5,01:20:00,13:20:00,5,AI729,AI,Air India,6929,,14400.0
2969,CCU,GAU,12:00:00,6,01:20:00,13:20:00,6,AI729,AI,Air India,6929,,14400.0
2970,CCU,GAU,09:50:00,4,01:20:00,11:10:00,4,AI729,AI,Air India,6929,,
2971,CCU,GAU,12:00:00,1,01:20:00,13:20:00,1,AI729,AI,Air India,6929,,13864.0
3023,CCU,IXZ,05:35:00,4,02:25:00,08:00:00,4,AI787,AI,Air India,10270,,
3024,CCU,IXZ,05:35:00,0,02:25:00,08:00:00,0,AI787,AI,Air India,10320,,
3025,CCU,IXZ,05:35:00,2,02:25:00,08:00:00,2,AI787,AI,Air India,10320,,
3050,CCU,IXA,18:10:00,0,01:00:00,19:10:00,0,AI745,AI,Air India,5359,,
3051,CCU,IXA,09:55:00,1,00:55:00,10:50:00,1,AI743,AI,Air India,6489,,14244.0
3052,CCU,IXA,09:55:00,2,00:55:00,10:50:00,2,AI743,AI,Air India,6489,,14244.0
3053,CCU,IXA,09:55:00,3,00:55:00,10:50:00,3,AI743,AI,Air India,6489,,14244.0
3054,CCU,IXA,09:55:00,5,00:55:00,10:50:00,5,AI743,AI,Air India,6489,,14780.0
3055,CCU,IXA,09:55:00,4,00:55:00,10:50:00,4,AI743,AI,Air India,6489,,14244.0
3056,CCU,IXA,09:55:00,6,00:55:00,10:50:00,6,AI743,AI,Air India,6489,,14780.0
3057,CCU,IXA,09:55:00,0,00:55:00,10:50:00,0,AI743,AI,Air India,6489,,14244.0
3118,AMD,DEL,21:30:00,4,01:50:00,23:20:00,4,AI532,AI,Air India,8117,,21937.0
3119,AMD,DEL,21:30:00,5,01:50:00,23:20:00,5,AI532,AI,Air India,8117,,21937.0
3120,AMD,DEL,21:30:00,2,01:50:00,23:20:00,2,AI532,AI,Air India,8117,,41518.0
3141,AMD,BOM,20:45:00,3,01:20:00,22:05:00,3,AI638,AI,Air India,6671,,13648.0
3142,AMD,BOM,20:45:00,4,01:20:00,22:05:00,4,AI638,AI,Air India,6671,,
3143,AMD,BOM,20:45:00,1,01:20:00,22:05:00,1,AI638,AI,Air India,6671,,13648.0
3144,AMD,BOM,20:45:00,5,01:20:00,22:05:00,5,AI638,AI,Air India,6671,,14247.0
3145,AMD,BOM,20:45:00,0,01:20:00,22:05:00,0,AI638,AI,Air India,6671,,13648.0
3364,CCJ,DEL,10:50:00,4,02:45:00,13:35:00,4,AI425,AI,Air India,10852,,27911.0
3365,CCJ,DEL,09:30:00,0,04:40:00,14:10:00,0,AI425,AI,Air India,10852,,
3369,CCJ,DEL,10:50:00,1,02:45:00,13:35:00,1,AI425,AI,Air India,11576,,27911.0
3370,CCJ,DEL,11:00:00,3,03:10:00,14:10:00,3,AI425,AI,Air India,11576,,27911.0
3371,CCJ,DEL,09:30:00,5,04:05:00,13:35:00,5,AI425,AI,Air India,11576,,
3372,CCJ,DEL,09:30:00,2,04:05:00,13:35:00,2,AI425,AI,Air India,11576,,
3373,CCJ,DEL,10:50:00,6,02:45:00,13:35:00,6,AI425,AI,Air India,11697,,28510.0
3378,CCJ,BOM,07:10:00,6,01:45:00,08:55:00,6,AI582,AI,Air India,6263,,21032.0
3379,CCJ,BOM,07:10:00,3,01:45:00,08:55:00,3,AI582,AI,Air India,6263,,20434.0
3380,CCJ,BOM,07:10:00,4,01:45:00,08:55:00,4,AI582,AI,Air India,6263,,20434.0
3381,CCJ,BOM,07:10:00,0,01:45:00,08:55:00,0,AI582,AI,Air India,6263,,21032.0
3382,CCJ,BOM,07:10:00,2,01:45:00,08:55:00,2,AI582,AI,Air India,6297,,20434.0
3383,CCJ,BOM,07:10:00,1,01:45:00,08:55:00,1,AI582,AI,Air India,7272,,20434.0
3384,CCJ,BOM,07:10:00,5,01:45:00,08:55:00,5,AI582,AI,Air India,8612,,21032.0
3444,JAI,BOM,14:00:00,5,01:50:00,15:50:00,5,AI612,AI,Air India,8239,,21012.0
3445,JAI,BOM,14:00:00,0,01:50:00,15:50:00,0,AI612,AI,Air India,8239,,35886.0
3446,JAI,BOM,14:00:00,2,01:50:00,15:50:00,2,AI612,AI,Air India,8239,,20413.0
3447,JAI,BOM,14:00:00,4,01:50:00,15:50:00,4,AI612,AI,Air India,8239,,20413.0
3448,JAI,BOM,14:00:00,1,01:50:00,15:50:00,1,AI612,AI,Air India,8239,,20413.0
3449,JAI,BOM,14:00:00,3,01:50:00,15:50:00,3,AI612,AI,Air India,8239,,20413.0
3450,JAI,BOM,14:00:00,6,01:50:00,15:50:00,6,AI612,AI,Air India,8588,,21012.0
3519,JAI,CCU,00:40:00,1,02:15:00,02:55:00,1,AI750,AI,Air India,10739,,
3520,JAI,CCU,00:40:00,3,02:15:00,02:55:00,3,AI750,AI,Air India,10997,,
3521,JAI,CCU,00:40:00,5,02:15:00,02:55:00,5,AI750,AI,Air India,10997,,
3626,GOI,DEL,14:15:00,0,02:30:00,16:45:00,0,AI886,AI,Air India,9497,,
3635,GOI,DEL,14:15:00,6,02:30:00,16:45:00,6,AI886,AI,Air India,10685,,
3636,GOI,DEL,01:15:00,6,02:40:00,03:55:00,6,AI884,AI,Air India,10685,,33508.0
3640,GOI,DEL,14:15:00,2,02:30:00,16:45:00,2,AI886,AI,Air India,10778,,
3641,GOI,DEL,14:15:00,1,02:30:00,16:45:00,1,AI886,AI,Air India,10778,,
3642,GOI,DEL,14:15:00,3,02:30:00,16:45:00,3,AI886,AI,Air India,10778,,
3651,GOI,BOM,15:15:00,0,01:20:00,16:35:00,0,AI664,AI,Air India,5278,,
3652,GOI,BOM,23:10:00,0,01:25:00,00:35:00,1,AI697,AI,Air India,5870,,20745.0
3654,GOI,BOM,15:15:00,5,01:20:00,16:35:00,5,AI664,AI,Air India,6411,,
3655,GOI,BOM,23:10:00,5,01:25:00,00:35:00,6,AI697,AI,Air India,6411,,20745.0
3659,GOI,BOM,06:50:00,1,01:15:00,08:05:00,1,AI684,AI,Air India,6464,,20745.0
3660,GOI,BOM,06:50:00,4,01:15:00,08:05:00,4,AI684,AI,Air India,6464,,20745.0
3661,GOI,BOM,06:50:00,0,01:15:00,08:05:00,0,AI684,AI,Air India,6464,,20745.0
3662,GOI,BOM,15:15:00,1,01:20:00,16:35:00,1,AI664,AI,Air India,6464,,
3663,GOI,BOM,23:10:00,2,01:25:00,00:35:00,3,AI697,AI,Air India,6464,,20745.0
3664,GOI,BOM,23:10:00,1,01:25:00,00:35:00,2,AI697,AI,Air India,6464,,20745.0
3665,GOI,BOM,23:10:00,3,01:25:00,00:35:00,4,AI697,AI,Air India,6464,,20745.0
3802,LKO,DEL,14:05:00,2,01:20:00,15:25:00,2,AI432,AI,Air India,6775,,14785.0
3803,LKO,DEL,14:05:00,6,01:20:00,15:25:00,6,AI432,AI,Air India,6775,,15384.0
3804,LKO,DEL,20:15:00,5,01:20:00,21:35:00,5,AI812,AI,Air India,6775,,15384.0
3805,LKO,DEL,14:05:00,3,01:20:00,15:25:00,3,AI432,AI,Air India,6775,,14785.0
3806,LKO,DEL,14:05:00,5,01:20:00,15:25:00,5,AI432,AI,Air India,6775,,15384.0
3807,LKO,DEL,14:05:00,4,01:20:00,15:25:00,4,AI432,AI,Air India,6775,,14785.0
3808,LKO,DEL,20:15:00,6,01:20:00,21:35:00,6,AI812,AI,Air India,6775,,15384.0
3809,LKO,DEL,14:05:00,0,01:20:00,15:25:00,0,AI432,AI,Air India,6775,,14785.0
3810,LKO,DEL,14:05:00,1,01:20:00,15:25:00,1,AI432,AI,Air India,6775,,14785.0
3811,LKO,DEL,08:55:00,6,01:25:00,10:20:00,6,AI412,AI,Air India,6775,,15384.0
3812,LKO,DEL,08:55:00,4,01:25:00,10:20:00,4,AI412,AI,Air India,6775,,14785.0
3813,LKO,DEL,08:55:00,0,01:25:00,10:20:00,0,AI412,AI,Air India,6775,,15384.0
3814,LKO,DEL,08:55:00,2,01:25:00,10:20:00,2,AI412,AI,Air India,6775,,14785.0
3815,LKO,DEL,20:15:00,3,01:20:00,21:35:00,3,AI812,AI,Air India,7131,,21930.0
3822,LKO,BOM,13:55:00,6,02:30:00,16:25:00,6,AI626,AI,Air India,10783,,22861.0
3823,LKO,BOM,13:55:00,0,02:30:00,16:25:00,0,AI626,AI,Air India,10879,,22262.0
3824,LKO,BOM,13:55:00,1,02:30:00,16:25:00,1,AI626,AI,Air India,10879,,22262.0
3825,LKO,BOM,13:55:00,3,02:30:00,16:25:00,3,AI626,AI,Air India,10879,,22262.0
3826,LKO,BOM,13:55:00,5,02:30:00,16:25:00,5,AI626,AI,Air India,10879,,38475.0
3827,LKO,BOM,13:55:00,2,02:30:00,16:25:00,2,AI626,AI,Air India,10879,,22262.0
3828,LKO,BOM,13:55:00,4,02:30:00,16:25:00,4,AI626,AI,Air India,10879,,22262.0
3981,CJB,DEL,15:05:00,1,04:45:00,19:50:00,1,AI539,AI,Air India,13776,,
3982,CJB,DEL,15:05:00,6,04:45:00,19:50:00,6,AI539,AI,Air India,13776,,
3983,CJB,DEL,15:05:00,2,04:45:00,19:50:00,2,AI539,AI,Air India,13776,,
3984,CJB,DEL,15:05:00,4,04:45:00,19:50:00,4,AI539,AI,Air India,13776,,
3985,CJB,DEL,15:05:00,5,04:45:00,19:50:00,5,AI539,AI,Air India,13776,,
3986,CJB,DEL,15:05:00,3,04:45:00,19:50:00,3,AI539,AI,Air India,13776,,
4054,CJB,MAA,15:05:00,5,01:05:00,16:10:00,5,AI539,AI,Air India,6317,,14601.0
4055,CJB,MAA,15:05:00,2,01:05:00,16:10:00,2,AI539,AI,Air India,6317,,14002.0
4056,CJB,MAA,15:05:00,6,01:05:00,16:10:00,6,AI539,AI,Air India,6317,,14601.0
4057,CJB,MAA,15:05:00,4,01:05:00,16:10:00,4,AI539,AI,Air India,6317,,14002.0
4058,CJB,MAA,15:05:00,0,01:05:00,16:10:00,0,AI539,AI,Air India,6317,,14002.0
4059,CJB,MAA,15:05:00,3,01:05:00,16:10:00,3,AI539,AI,Air India,6317,,14002.0
4060,CJB,MAA,15:05:00,1,01:05:00,16:10:00,1,AI539,AI,Air India,6317,,14002.0
4157,PNQ,DEL,15:55:00,0,02:15:00,18:10:00,0,AI858,AI,Air India,9209,,27351.0
4158,PNQ,DEL,21:55:00,0,02:15:00,00:10:00,1,AI854,AI,Air India,9209,,27351.0
4177,PNQ,DEL,18:50:00,4,02:15:00,21:05:00,4,AI850,AI,Air India,10040,,
4421,IXB,DEL,13:50:00,2,02:25:00,16:15:00,2,AI880,AI,Air India,9117,,20616.0
4427,IXB,DEL,13:50:00,3,02:25:00,16:15:00,3,AI880,AI,Air India,9117,,20616.0
4428,IXB,DEL,13:50:00,6,02:25:00,16:15:00,6,AI880,AI,Air India,9117,,21220.0
4429,IXB,DEL,13:50:00,1,02:25:00,16:15:00,1,AI880,AI,Air India,9117,,20616.0
4432,IXB,DEL,13:50:00,5,02:25:00,16:15:00,5,AI880,AI,Air India,9117,,21151.0
4482,IXB,CCU,15:40:00,4,01:05:00,16:45:00,4,AI722,AI,Air India,6342,,
4483,IXB,CCU,15:40:00,6,01:05:00,16:45:00,6,AI722,AI,Air India,6342,,14213.0
4484,IXB,CCU,15:40:00,2,01:05:00,16:45:00,2,AI722,AI,Air India,6342,,
4518,GAU,DEL,15:55:00,2,02:45:00,18:40:00,2,AI890,AI,Air India,10366,,29504.0
4519,GAU,DEL,15:55:00,5,02:45:00,18:40:00,5,AI890,AI,Air India,10366,,30038.0
4520,GAU,DEL,15:55:00,1,02:45:00,18:40:00,1,AI890,AI,Air India,10366,,29504.0
4521,GAU,DEL,15:55:00,3,02:45:00,18:40:00,3,AI890,AI,Air India,10366,,29504.0
4522,GAU,DEL,15:55:00,0,02:45:00,18:40:00,0,AI890,AI,Air India,10366,,29504.0
4523,GAU,DEL,15:55:00,6,02:45:00,18:40:00,6,AI890,AI,Air India,10366,,30038.0
4587,GAU,CCU,11:40:00,0,01:20:00,13:00:00,0,AI730,AI,Air India,7636,,
4588,GAU,CCU,11:40:00,2,01:20:00,13:00:00,2,AI730,AI,Air India,8210,,
4589,GAU,CCU,11:40:00,4,01:20:00,13:00:00,4,AI730,AI,Air India,8210,,
4590,GAU,CCU,14:00:00,6,01:25:00,15:25:00,6,AI730,AI,Air India,8210,,22517.0
4591,GAU,CCU,14:00:00,3,01:25:00,15:25:00,3,AI730,AI,Air India,8210,,13648.0
4592,GAU,CCU,14:00:00,5,01:25:00,15:25:00,5,AI730,AI,Air India,8210,,14182.0
4593,GAU,CCU,14:00:00,1,01:25:00,15:25:00,1,AI730,AI,Air India,8210,,13648.0
4654,VTZ,DEL,12:35:00,4,02:10:00,14:45:00,4,AI486,AI,Air India,9756,,22430.0
4655,VTZ,DEL,12:35:00,6,02:10:00,14:45:00,6,AI486,AI,Air India,9756,,23029.0
4656,VTZ,DEL,18:10:00,4,02:10:00,20:20:00,4,AI452,AI,Air India,9756,,23029.0
4657,VTZ,DEL,12:35:00,1,02:10:00,14:45:00,1,AI486,AI,Air India,9756,,22485.0
4658,VTZ,DEL,18:10:00,1,02:10:00,20:20:00,1,AI452,AI,Air India,9756,,37219.0
4677,VTZ,BOM,14:10:00,5,02:15:00,16:25:00,5,AI651,AI,Air India,9672,,44524.0
4678,VTZ,BOM,14:10:00,0,02:15:00,16:25:00,0,AI651,AI,Air India,9672,,
4679,VTZ,BOM,14:10:00,1,02:15:00,16:25:00,1,AI651,AI,Air India,9756,,22578.0
4680,VTZ,BOM,14:10:00,2,02:15:00,16:25:00,2,AI651,AI,Air India,9756,,22443.0
4681,VTZ,BOM,14:10:00,6,02:15:00,16:25:00,6,AI651,AI,Air India,9756,,44524.0
4682,VTZ,BOM,14:10:00,3,02:15:00,16:25:00,3,AI651,AI,Air India,9756,,22578.0
4683,VTZ,BOM,14:10:00,4,02:15:00,16:25:00,4,AI651,AI,Air India,9756,,22443.0
4772,VTZ,IXZ,08:15:00,0,02:05:00,10:20:00,0,AI485,AI,Air India,9931,,
4773,VTZ,IXZ,08:15:00,3,02:05:00,10:20:00,3,AI485,AI,Air India,9992,,
4774,VTZ,IXZ,08:15:00,5,02:05:00,10:20:00,5,AI485,AI,Air India,10014,,
4789,ATQ,DEL,23:05:00,0,01:10:00,00:15:00,1,AI480,AI,Air India,7224,,17666.0
4790,ATQ,DEL,23:05:00,2,01:10:00,00:15:00,3,AI480,AI,Air India,7224,,17666.0
4791,ATQ,DEL,23:05:00,3,01:10:00,00:15:00,4,AI480,AI,Air India,7224,,17884.0
4792,ATQ,DEL,23:05:00,1,01:10:00,00:15:00,2,AI480,AI,Air India,7224,,17666.0
4793,ATQ,DEL,23:05:00,5,01:10:00,00:15:00,6,AI480,AI,Air India,7224,,17666.0
4794,ATQ,DEL,23:05:00,6,01:10:00,00:15:00,0,AI480,AI,Air India,7224,,17666.0
4795,ATQ,DEL,23:05:00,4,01:10:00,00:15:00,5,AI480,AI,Air India,7224,,17666.0
4799,ATQ,BOM,09:05:00,1,02:30:00,11:35:00,1,AI650,AI,Air India,11139,,22687.0
4800,ATQ,BOM,09:05:00,3,02:30:00,11:35:00,3,AI650,AI,Air India,11139,,22825.0
4801,ATQ,BOM,09:05:00,4,02:30:00,11:35:00,4,AI650,AI,Air India,11139,,22687.0
4802,ATQ,BOM,09:05:00,2,02:30:00,11:35:00,2,AI650,AI,Air India,11139,,22825.0
4803,ATQ,BOM,09:05:00,5,02:30:00,11:35:00,5,AI650,AI,Air India,11139,,23286.0
4804,ATQ,BOM,09:05:00,6,02:30:00,11:35:00,6,AI650,AI,Air India,11139,,23286.0
4805,ATQ,BOM,09:05:00,0,02:30:00,11:35:00,0,AI650,AI,Air India,11139,,22687.0
4885,IXM,BOM,13:35:00,6,03:35:00,17:10:00,6,AI672,AI,Air India,9723,,
4886,IXM,BOM,13:35:00,4,03:35:00,17:10:00,4,AI672,AI,Air India,9723,,
4887,IXM,BOM,13:35:00,3,03:35:00,17:10:00,3,AI672,AI,Air India,9723,,
4888,IXM,BOM,13:35:00,0,03:35:00,17:10:00,0,AI672,AI,Air India,9723,,
4889,IXM,BOM,13:35:00,2,03:35:00,17:10:00,2,AI672,AI,Air India,9723,,
4890,IXM,BOM,14:00:00,5,04:00:00,18:00:00,5,AI672,AI,Air India,9723,,
4891,IXM,BOM,14:00:00,1,04:00:00,18:00:00,1,AI672,AI,Air India,9723,,
4920,IXM,MAA,13:35:00,3,01:00:00,14:35:00,3,AI672,AI,Air India,6002,,13750.0
4921,IXM,MAA,13:35:00,2,01:00:00,14:35:00,2,AI672,AI,Air India,6054,,13750.0
4922,IXM,MAA,13:35:00,4,01:00:00,14:35:00,4,AI672,AI,Air India,6054,,13750.0
4923,IXM,MAA,14:00:00,5,01:20:00,15:20:00,5,AI672,AI,Air India,6054,,14348.0
4924,IXM,MAA,14:00:00,1,01:20:00,15:20:00,1,AI672,AI,Air India,6054,,20380.0
4925,IXM,MAA,13:35:00,6,01:00:00,14:35:00,6,AI672,AI,Air India,6578,,14348.0
4926,IXM,MAA,13:35:00,0,01:00:00,14:35:00,0,AI672,AI,Air India,7511,,13750.0
4953,NAG,DEL,07:40:00,4,01:50:00,09:30:00,4,AI498,AI,Air India,8148,,20379.0
4954,NAG,DEL,07:40:00,0,01:15:00,08:55:00,0,AI498,AI,Air India,8217,,20978.0
4955,NAG,DEL,07:40:00,3,01:15:00,08:55:00,3,AI498,AI,Air India,8217,,20379.0
4956,NAG,DEL,07:40:00,1,01:50:00,09:30:00,1,AI498,AI,Air India,8217,,20379.0
4957,NAG,DEL,07:40:00,6,01:50:00,09:30:00,6,AI498,AI,Air India,8217,,20978.0
4979,NAG,BOM,21:20:00,0,01:30:00,22:50:00,0,AI630,AI,Air India,6580,,17182.0
4980,NAG,BOM,07:55:00,2,01:25:00,09:20:00,2,AI628,AI,Air India,7125,,17182.0
4981,NAG,BOM,21:20:00,2,01:30:00,22:50:00,2,AI630,AI,Air India,7125,,17182.0
4982,NAG,BOM,07:55:00,1,01:25:00,09:20:00,1,AI628,AI,Air India,7185,,17182.0
4983,NAG,BOM,07:55:00,6,01:25:00,09:20:00,6,AI628,AI,Air India,7185,,17781.0
4984,NAG,BOM,07:55:00,5,01:25:00,09:20:00,5,AI628,AI,Air India,7185,,17781.0
4985,NAG,BOM,07:55:00,3,01:25:00,09:20:00,3,AI628,AI,Air India,7185,,17182.0
4986,NAG,BOM,07:55:00,0,01:25:00,09:20:00,0,AI628,AI,Air India,7185,,17781.0
4987,NAG,BOM,07:55:00,4,01:25:00,09:20:00,4,AI628,AI,Air India,7185,,17182.0
4988,NAG,BOM,21:20:00,4,01:30:00,22:50:00,4,AI630,AI,Air India,7185,,17182.0
4989,NAG,BOM,21:20:00,6,01:30:00,22:50:00,6,AI630,AI,Air India,7185,,17182.0
4990,NAG,BOM,21:20:00,3,01:30:00,22:50:00,3,AI630,AI,Air India,7185,,17182.0
4991,NAG,BOM,21:20:00,5,01:30:00,22:50:00,5,AI630,AI,Air India,7185,,17182.0
4992,NAG,BOM,21:20:00,1,01:30:00,22:50:00,1,AI630,AI,Air India,7185,,17182.0
5284,IXJ,DEL,15:45:00,0,01:30:00,17:15:00,0,AI822,AI,Air India,6578,,19921.0
5285,IXJ,DEL,15:45:00,3,01:30:00,17:15:00,3,AI822,AI,Air India,6578,,19921.0
5292,IXJ,DEL,15:45:00,2,01:30:00,17:15:00,2,AI822,AI,Air India,6636,,19921.0
5293,IXJ,DEL,15:45:00,1,01:30:00,17:15:00,1,AI822,AI,Air India,6636,,19921.0
5305,IXJ,SXR,12:50:00,1,00:50:00,13:40:00,1,AI821,AI,Air India,6258,,13679.0
5309,IXJ,SXR,12:50:00,0,00:50:00,13:40:00,0,AI821,AI,Air India,6271,,13679.0
5310,IXJ,SXR,12:50:00,4,00:50:00,13:40:00,4,AI821,AI,Air India,6271,,13679.0
5311,IXJ,SXR,12:50:00,5,00:50:00,13:40:00,5,AI821,AI,Air India,6271,,14278.0
5314,IXJ,SXR,12:50:00,3,00:50:00,13:40:00,3,AI821,AI,Air India,6513,,13679.0
5319,IXJ,SXR,12:50:00,2,00:50:00,13:40:00,2,AI821,AI,Air India,6757,,13679.0
5320,IXJ,SXR,12:50:00,6,00:50:00,13:40:00,6,AI821,AI,Air India,6815,,14278.0
5433,SXR,IXJ,14:15:00,4,00:50:00,15:05:00,4,AI822,AI,Air India,6549,,13987.0
5434,SXR,IXJ,14:15:00,2,00:50:00,15:05:00,2,AI822,AI,Air India,6549,,13987.0
5435,SXR,IXJ,14:15:00,0,00:50:00,15:05:00,0,AI822,AI,Air India,6549,,13987.0
5436,SXR,IXJ,14:15:00,1,00:50:00,15:05:00,1,AI822,AI,Air India,6549,,13987.0
5439,SXR,IXJ,14:15:00,5,00:50:00,15:05:00,5,AI822,AI,Air India,6603,,14586.0
5440,SXR,IXJ,14:15:00,3,00:50:00,15:05:00,3,AI822,AI,Air India,6844,,13987.0
5452,IXE,BOM,12:40:00,2,01:45:00,14:25:00,2,AI680,AI,Air India,8207,,16963.0
5453,IXE,BOM,12:40:00,1,01:45:00,14:25:00,1,AI680,AI,Air India,8207,,16997.0
5454,IXE,BOM,12:40:00,0,01:45:00,14:25:00,0,AI680,AI,Air India,8278,,16963.0
5455,IXE,BOM,12:40:00,5,01:45:00,14:25:00,5,AI680,AI,Air India,8278,,17563.0
5456,IXE,BOM,12:40:00,4,01:45:00,14:25:00,4,AI680,AI,Air India,8278,,16963.0
5457,IXE,BOM,12:40:00,6,01:45:00,14:25:00,6,AI680,AI,Air India,8278,,17563.0
5458,IXE,BOM,12:40:00,3,01:45:00,14:25:00,3,AI680,AI,Air India,8278,,16963.0
5523,IXZ,DEL,10:55:00,0,04:00:00,14:55:00,0,AI486,AI,Air India,12696,,35523.0
5524,IXZ,DEL,10:55:00,3,04:00:00,14:55:00,3,AI486,AI,Air India,13512,,35523.0
5525,IXZ,DEL,09:45:00,4,05:00:00,14:45:00,4,AI486,AI,Air India,13512,,
5526,IXZ,DEL,09:45:00,6,05:00:00,14:45:00,6,AI486,AI,Air India,13512,,
5527,IXZ,DEL,09:45:00,1,05:00:00,14:45:00,1,AI486,AI,Air India,13512,,
5528,IXZ,DEL,10:55:00,5,04:00:00,14:55:00,5,AI486,AI,Air India,14794,,36123.0
5537,IXZ,MAA,08:00:00,1,02:10:00,10:10:00,1,AI550,AI,Air India,9635,,22309.0
5539,IXZ,MAA,08:00:00,5,02:10:00,10:10:00,5,AI550,AI,Air India,9721,,22909.0
5544,IXZ,MAA,08:00:00,3,02:10:00,10:10:00,3,AI550,AI,Air India,9721,,22309.0
5569,IXZ,CCU,08:30:00,2,02:10:00,10:40:00,2,AI788,AI,Air India,9894,,
5570,IXZ,CCU,08:30:00,4,02:10:00,10:40:00,4,AI788,AI,Air India,9894,,
5571,IXZ,CCU,08:30:00,0,02:10:00,10:40:00,0,AI788,AI,Air India,9894,,
5583,IXZ,VTZ,09:45:00,1,02:15:00,12:00:00,1,AI486,AI,Air India,8734,,22239.0
5584,IXZ,VTZ,09:45:00,6,02:15:00,12:00:00,6,AI486,AI,Air India,9549,,22838.0
5585,IXZ,VTZ,09:45:00,4,02:15:00,12:00:00,4,AI486,AI,Air India,9549,,22239.0
5599,IDR,DEL,21:00:00,5,01:35:00,22:35:00,5,AI622,AI,Air India,8119,,17674.0
5600,IDR,DEL,09:25:00,4,01:45:00,11:10:00,4,AI635,AI,Air India,8119,,17075.0
5601,IDR,DEL,09:25:00,6,01:45:00,11:10:00,6,AI635,AI,Air India,8119,,17675.0
5602,IDR,DEL,09:25:00,2,01:45:00,11:10:00,2,AI635,AI,Air India,8119,,17076.0
5603,IDR,DEL,09:25:00,5,01:45:00,11:10:00,5,AI635,AI,Air India,8119,,17674.0
5604,IDR,DEL,09:25:00,1,01:45:00,11:10:00,1,AI635,AI,Air India,8119,,17075.0
5605,IDR,DEL,09:25:00,0,01:45:00,11:10:00,0,AI635,AI,Air India,8171,,17075.0
5611,IDR,BOM,16:35:00,0,01:35:00,18:10:00,0,AI636,AI,Air India,6323,,17088.0
5619,IDR,BOM,16:35:00,2,01:35:00,18:10:00,2,AI636,AI,Air India,6837,,17088.0
5620,IDR,BOM,16:35:00,5,01:35:00,18:10:00,5,AI636,AI,Air India,6837,,17687.0
5621,IDR,BOM,16:35:00,6,01:35:00,18:10:00,6,AI636,AI,Air India,6837,,17687.0
5622,IDR,BOM,16:35:00,1,01:35:00,18:10:00,1,AI636,AI,Air India,6837,,24278.0
5623,IDR,BOM,16:35:00,3,01:35:00,18:10:00,3,AI636,AI,Air India,6837,,17088.0
5624,IDR,BOM,16:35:00,4,01:35:00,18:10:00,4,AI636,AI,Air India,6837,,17687.0
5744,IXA,CCU,19:45:00,0,00:55:00,20:40:00,0,AI746,AI,Air India,4762,,
5745,IXA,CCU,11:25:00,5,00:55:00,12:20:00,5,AI744,AI,Air India,5871,,14261.0
5746,IXA,CCU,19:45:00,5,00:55:00,20:40:00,5,AI746,AI,Air India,5871,,
5747,IXA,CCU,19:45:00,6,00:55:00,20:40:00,6,AI746,AI,Air India,5871,,
5748,IXA,CCU,11:25:00,6,00:55:00,12:20:00,6,AI744,AI,Air India,5871,,14332.0
5749,IXA,CCU,11:25:00,4,00:55:00,12:20:00,4,AI744,AI,Air India,5871,,13679.0
5750,IXA,CCU,19:45:00,4,00:55:00,20:40:00,4,AI746,AI,Air India,5871,,
5751,IXA,CCU,11:25:00,2,00:55:00,12:20:00,2,AI744,AI,Air India,5891,,13679.0
5752,IXA,CCU,11:25:00,0,00:55:00,12:20:00,0,AI744,AI,Air India,5891,,13679.0
5753,IXA,CCU,11:25:00,1,00:55:00,12:20:00,1,AI744,AI,Air India,5891,,13679.0
5754,IXA,CCU,11:25:00,3,00:55:00,12:20:00,3,AI744,AI,Air India,5891,,13751.0
5755,IXA,CCU,19:45:00,2,00:55:00,20:40:00,2,AI746,AI,Air India,5891,,
5756,IXA,CCU,19:45:00,3,00:55:00,20:40:00,3,AI746,AI,Air India,5891,,
5757,IXA,CCU,19:45:00,1,00:55:00,20:40:00,1,AI746,AI,Air India,5891,,
5787,PAT,DEL,19:10:00,0,01:45:00,20:55:00,0,AI416,AI,Air India,7344,,22926.0
5788,PAT,DEL,19:10:00,4,01:45:00,20:55:00,4,AI416,AI,Air India,7344,,23524.0
5789,PAT,DEL,19:10:00,2,01:45:00,20:55:00,2,AI416,AI,Air India,7408,,22926.0
5798,PAT,DEL,16:00:00,1,01:35:00,17:35:00,1,AI408,AI,Air India,7922,,22926.0
5799,PAT,DEL,16:00:00,0,01:35:00,17:35:00,0,AI408,AI,Air India,7922,,22926.0
5800,PAT,DEL,19:10:00,1,01:45:00,20:55:00,1,AI416,AI,Air India,7922,,22926.0
5805,PAT,BOM,09:15:00,1,02:50:00,12:05:00,1,AI732,AI,Air India,9622,,22314.0
5806,PAT,BOM,09:15:00,2,02:50:00,12:05:00,2,AI732,AI,Air India,9622,,22314.0
5807,PAT,BOM,09:15:00,0,02:50:00,12:05:00,0,AI732,AI,Air India,9622,,22314.0
5808,PAT,BOM,09:15:00,3,02:50:00,12:05:00,3,AI732,AI,Air India,9712,,22314.0
